CustomerID,Gender,Age,AnnualIncome_k$,SpendingScore,Cluster
1,Male,41,68.2,34,0
2,Female,69,72.6,44,0
3,Female,28,32.8,39,1
4,Female,66,52.4,37,0
5,Male,25,40.0,81,1
6,Male,53,94.8,41,0
7,Male,55,70.2,37,0
8,Female,57,81.1,43,0
9,Female,37,90.0,86,1
10,Female,52,64.1,31,0
11,Male,65,68.0,52,0
12,Female,42,85.0,71,0
13,Female,52,48.0,22,0
14,Male,42,64.1,25,0
15,Male,46,62.0,29,0
16,Male,35,99.6,24,0
17,Male,63,88.0,20,0
18,Female,35,50.2,34,0
19,Male,19,69.3,69,1
20,Male,52,69.5,32,0
21,Female,33,73.2,40,0
22,Male,58,60.9,42,0
23,Male,53,90.2,7,0
24,Male,50,89.0,43,0
25,Female,21,34.5,62,1
26,Female,50,78.8,38,0
27,Male,31,44.3,57,1
28,Female,38,97.9,67,0
29,Female,65,48.7,15,0
30,Male,37,68.5,100,1
31,Female,25,16.8,57,1
32,Male,24,45.9,68,1
33,Male,20,37.0,100,1
34,Female,34,57.9,50,1
35,Female,50,63.6,23,0
36,Female,65,34.1,39,0
37,Male,29,67.2,76,1
38,Male,68,61.6,36,0
39,Female,39,69.8,74,1
40,Male,39,64.9,23,0
41,Male,63,31.5,36,0
42,Female,47,79.1,39,0
43,Male,55,54.3,42,0
44,Female,55,63.4,47,0
45,Male,62,83.9,21,0
46,Female,68,17.9,30,0
47,Male,25,24.7,82,1
48,Female,44,60.5,12,0
49,Female,44,63.5,20,0
50,Male,51,88.6,42,0
51,Female,38,88.0,61,0
52,Female,47,75.1,52,0
53,Female,50,50.3,14,0
54,Female,45,44.8,34,0
55,Female,64,15.0,52,0
56,Female,50,25.9,44,0
57,Male,22,37.5,74,1
58,Male,65,51.5,38,0
59,Male,36,65.6,39,0
60,Male,21,26.5,93,1
61,Male,52,66.6,38,0
62,Male,66,44.2,31,0
63,Female,34,55.3,40,0
64,Male,61,38.2,59,0
65,Male,45,46.4,22,0
66,Female,47,36.1,23,0
67,Male,46,51.1,34,0
68,Female,63,48.4,11,0
69,Male,23,17.3,80,1
70,Female,52,57.8,45,0
71,Female,58,74.0,37,0
72,Male,54,37.8,38,0
73,Male,41,103.0,41,0
74,Female,46,66.1,35,0
75,Female,66,84.7,25,0
76,Female,63,80.8,29,0
77,Female,48,47.5,37,0
78,Male,52,66.2,64,0
79,Male,50,65.8,38,0
80,Male,69,88.7,44,0
81,Female,38,62.1,77,1
82,Female,49,46.7,25,0
83,Male,40,58.0,31,0
84,Male,50,66.0,31,0
85,Male,20,15.0,66,1
86,Male,35,64.6,68,1
87,Female,42,63.7,100,1
88,Female,59,85.1,29,0
89,Female,48,80.7,43,0
90,Female,20,43.5,82,1
91,Male,57,61.0,39,0
92,Female,63,74.8,66,0
93,Female,41,80.0,41,0
94,Female,67,23.5,64,0
95,Female,49,55.3,43,0
96,Female,64,94.3,38,0
97,Female,39,71.1,78,1
98,Male,40,84.2,62,0
99,Male,19,17.2,88,1
100,Male,44,82.5,23,0
101,Male,59,68.7,4,0
102,Female,19,75.1,53,1
103,Male,43,107.2,34,0
104,Female,34,86.2,32,0
105,Female,57,77.9,31,0
106,Male,50,68.4,35,0
107,Male,26,19.5,78,1
108,Female,60,50.9,51,0
109,Male,65,55.8,34,0
110,Male,56,90.3,71,0
111,Male,46,74.1,31,0
112,Male,59,53.3,23,0
113,Female,43,62.5,45,0
114,Female,52,95.4,32,0
115,Female,67,37.9,36,0
116,Female,42,78.6,51,0
117,Female,41,91.0,51,0
118,Male,30,90.4,34,0
119,Female,24,66.7,74,1
120,Female,53,67.2,23,0
121,Female,62,68.5,45,0
122,Female,37,51.6,17,0
123,Male,18,44.4,63,1
124,Male,25,43.9,51,1
125,Male,63,31.9,38,0
126,Male,33,68.0,8,0
127,Female,31,101.9,24,0
128,Female,29,78.6,61,1
129,Male,68,67.2,60,0
130,Female,40,104.6,90,1
131,Male,32,44.5,27,0
132,Male,45,64.1,48,0
133,Male,51,59.8,10,0
134,Male,19,47.4,67,1
135,Female,49,56.3,1,0
136,Male,40,90.9,53,0
137,Female,39,110.9,49,0
138,Female,68,70.2,47,0
139,Male,42,40.1,100,1
140,Female,39,66.4,60,1
141,Female,39,87.8,34,0
142,Male,66,93.2,39,0
143,Female,69,56.2,37,0
144,Male,59,73.8,35,0
145,Male,23,53.2,45,1
146,Male,32,60.0,7,0
147,Female,60,95.9,65,0
148,Female,54,71.3,20,0
149,Male,50,103.0,26,0
150,Male,25,36.8,72,1
151,Female,61,68.1,45,0
152,Male,61,72.3,33,0
153,Male,22,50.0,67,1
154,Female,56,70.4,42,0
155,Female,21,51.4,80,1
156,Male,23,33.4,77,1
157,Female,62,71.8,16,0
158,Female,49,55.1,44,0
159,Male,69,90.8,47,0
160,Female,47,91.9,29,0
161,Male,64,64.5,47,0
162,Female,52,18.1,58,1
163,Female,57,26.5,50,0
164,Female,69,72.4,1,0
165,Male,33,29.2,79,1
166,Female,30,99.3,32,0
167,Male,67,44.1,43,0
168,Male,59,59.8,51,0
169,Male,47,68.6,59,0
170,Female,36,94.4,64,0
171,Female,34,68.0,41,0
172,Male,36,74.0,87,1
173,Female,45,52.7,39,0
174,Male,43,30.1,64,1
175,Female,54,100.6,21,0
176,Male,43,138.5,54,0
177,Female,40,23.5,42,1
178,Male,26,60.0,100,1
179,Female,29,50.8,94,1
180,Male,18,22.3,60,1
181,Male,18,15.0,61,1
182,Male,64,73.7,38,0
183,Female,51,75.6,21,0
184,Female,49,44.2,38,0
185,Male,65,49.2,55,0
186,Female,42,62.5,40,0
187,Female,57,67.5,29,0
188,Female,62,37.8,19,0
189,Female,18,48.1,50,1
190,Male,33,102.9,36,0
191,Male,56,71.1,26,0
192,Female,22,26.3,74,1
193,Female,39,96.0,45,0
194,Female,46,58.8,47,0
195,Male,20,52.6,69,1
196,Male,29,33.3,71,1
197,Female,43,71.2,56,0
198,Female,33,51.1,56,1
199,Female,68,47.1,49,0
200,Female,54,47.9,25,0
